Country,Year,Electricity Per Capita (kWh)
Afghanistan,2011,26.325546
Afghanistan,2012,28.8842
Afghanistan,2013,35.192047
Afghanistan,2014,35.456425
Afghanistan,2015,34.95934
Afghanistan,2016,34.934536
Afghanistan,2017,35.350143
Afghanistan,2018,31.89159
Afghanistan,2019,28.329742
Afghanistan,2020,20.527433
Afghanistan,2021,20.698534
Afghanistan,2022,20.18052
Africa,2011,636.1183
Africa,2012,653.2514
Africa,2013,650.09863
Africa,2014,656.3962
Africa,2015,658.1589
Africa,2016,654.3237
Africa,2017,653.68304
Africa,2018,656.46783
Africa,2019,654.3339
Africa,2020,628.6354
Africa,2021,638.5125
Africa,2022,617.50714
Albania,2011,1444.4989
Albania,2012,1631.9807
Albania,2013,2410.7913
Albania,2014,1636.5591
Albania,2015,2043.3778
Albania,2016,2700.3914
Albania,2017,1573.2659
Albania,2018,2971.8262
Albania,2019,1809.3987
Albania,2020,1852.2072
Albania,2021,3138.6726
Albania,2022,2462.7786
Algeria,2011,1401.6155
Algeria,2012,1540.5026
Algeria,2013,1576.0266
Algeria,2014,1658.1454
Algeria,2015,1740.883
Algeria,2016,1761.0605
Algeria,2017,1849.2073
Algeria,2018,1829.6083
Algeria,2019,1910.2983
Algeria,2020,1823.175
Algeria,2021,1934.2222
Algeria,2022,1963.7786
American Samoa,2011,2944.749
American Samoa,2012,2978.5173
American Samoa,2013,2829.2812
American Samoa,2014,2871.6929
American Samoa,2015,3113.3855
American Samoa,2016,3368.4712
American Samoa,2017,3233.2378
American Samoa,2018,3302.7144
American Samoa,2019,3379.7344
American Samoa,2020,3678.38
American Samoa,2021,3773.0823
American Samoa,2022,4063.664
Angola,2011,233.3143
Angola,2012,306.49152
Angola,2013,311.69907
Angola,2014,352.39902
Angola,2015,347.69965
Angola,2016,376.6111
Angola,2017,357.84473
Angola,2018,420.16354
Angola,2019,488.97195
Angola,2020,502.86444
Angola,2021,488.35236
Angola,2022,475.98984
Antigua and Barbuda,2011,3804.0784
Antigua and Barbuda,2012,3763.3428
Antigua and Barbuda,2013,3728.308
Antigua and Barbuda,2014,3809.4385
Antigua and Barbuda,2015,3890.7046
Antigua and Barbuda,2016,3753.7952
Antigua and Barbuda,2017,3840.5408
Antigua and Barbuda,2018,3928.2441
Antigua and Barbuda,2019,3907.6492
Antigua and Barbuda,2020,3776.761
Antigua and Barbuda,2021,3754.1968
Antigua and Barbuda,2022,3839.099
Argentina,2011,3118.6826
Argentina,2012,3242.2488
Argentina,2013,3289.8252
Argentina,2014,3235.0967
Argentina,2015,3361.763
Argentina,2016,3370.413
Argentina,2017,3305.2156
Argentina,2018,3304.844
Argentina,2019,3118.3013
Argentina,2020,3211.6506
Argentina,2021,3382.5278
Argentina,2022,3314.193
Armenia,2011,2461.6045
Armenia,2012,2683.2024
Armenia,2013,2581.525
Armenia,2014,2605.5933
Armenia,2015,2622.8047
Armenia,2016,2477.4578
Armenia,2017,2640.3184
Armenia,2018,2675.7734
Armenia,2019,2655.4595
Armenia,2020,2723.1155
Armenia,2021,2766.0625
Armenia,2022,3154.141
Aruba,2011,9180.289
Aruba,2012,9008.4795
Aruba,2013,9135.882
Aruba,2014,9072.746
Aruba,2015,9302.861
Aruba,2016,8961.77
Aruba,2017,9198.323
Aruba,2018,9058.3125
Aruba,2019,9111.574
Aruba,2020,9099.693
Aruba,2021,9198.164
Aruba,2022,9205.422
Asia,2011,2326.1096
Asia,2012,2412.9443
Asia,2013,2519.91
Asia,2014,2631.236
Asia,2015,2639.5398
Asia,2016,2738.5833
Asia,2017,2873.5752
Asia,2018,3015.1372
Asia,2019,3084.7917
Asia,2020,3107.7805
Asia,2021,3323.4019
Asia,2022,3434.7263
Australia,2011,11463.061
Australia,2012,11028.069
Australia,2013,10797.952
Australia,2014,10551.958
Australia,2015,10662.781
Australia,2016,10672.556
Australia,2017,10531.373
Australia,2018,10513.936
Australia,2019,10486.187
Australia,2020,10331.884
Australia,2021,10317.852
Australia,2022,10449.849
Austria,2011,7412.5264
Austria,2012,8143.882
Austria,2013,7612.44
Austria,2014,7202.144
Austria,2015,7148.459
Austria,2016,7425.178
Austria,2017,7626.0327
Austria,2018,7315.182
Austria,2019,7960.6406
Austria,2020,7750.528
Austria,2021,7473.589
Austria,2022,7187.109
Azerbaijan,2011,2165.8254
Azerbaijan,2012,2421.571
Azerbaijan,2013,2418.228
Azerbaijan,2014,2528.2598
Azerbaijan,2015,2491.0059
Azerbaijan,2016,2490.9148
Azerbaijan,2017,2404.7893
Azerbaijan,2018,2475.2463
Azerbaijan,2019,2535.9727
Azerbaijan,2020,2503.6577
Azerbaijan,2021,2694.6594
Azerbaijan,2022,2793.9548
Bahamas,2011,5423.9116
Bahamas,2012,4972.8716
Bahamas,2013,4874.7603
Bahamas,2014,4933.995
Bahamas,2015,5092.8555
Bahamas,2016,4974.9233
Bahamas,2017,4987.1313
Bahamas,2018,4976.226
Bahamas,2019,4968.3237
Bahamas,2020,4969.5186
Bahamas,2021,4976.466
Bahamas,2022,4951.3525
Bahrain,2011,20081.084
Bahrain,2012,20221.268
Bahrain,2013,20536.06
Bahrain,2014,20791.035
Bahrain,2015,20915.357
Bahrain,2016,20231.713
Bahrain,2017,20063.92
Bahrain,2018,19867.604
Bahrain,2019,22152.396
Bahrain,2020,22585.785
Bahrain,2021,23153.686
Bahrain,2022,24140.135
Bangladesh,2011,294.3859
Bangladesh,2012,319.67776
Bangladesh,2013,346.29587
Bangladesh,2014,359.384
Bangladesh,2015,375.65735
Bangladesh,2016,432.39462
Bangladesh,2017,453.9724
Bangladesh,2018,481.59885
Bangladesh,2019,512.45734
Bangladesh,2020,505.9104
Bangladesh,2021,564.8449
Bangladesh,2022,595.7834
Barbados,2011,3774.9407
Barbados,2012,4091.1345
Barbados,2013,3647.8818
Barbados,2014,3711.6982
Barbados,2015,3739.729
Barbados,2016,3768.0325
Barbados,2017,3724.9414
Barbados,2018,3718.2427
Barbados,2019,3783.1064
Barbados,2020,3776.2195
Barbados,2021,3769.5051
Barbados,2022,3870.1064
Belarus,2011,3316.1692
Belarus,2012,3178.3352
Belarus,2013,3251.4224
Belarus,2014,3583.756
Belarus,2015,3514.2124
Belarus,2016,3457.933
Belarus,2017,3554.8464
Belarus,2018,4021.423
Belarus,2019,4182.3564
Belarus,2020,4000.5212
Belarus,2021,4313.9756
Belarus,2022,4050.3596
Belgium,2011,8144.5874
Belgium,2012,7389.082
Belgium,2013,7380.7153
Belgium,2014,6370.38
Belgium,2015,6083.5825
Belgium,2016,7450.845
Belgium,2017,7496.1626
Belgium,2018,6453.1914
Belgium,2019,8052.5996
Belgium,2020,7635.5444
Belgium,2021,8559.68
Belgium,2022,8076.58
Belize,2011,1001.3776
Belize,2012,1127.3723
Belize,2013,1073.4127
Belize,2014,1021.7317
Belize,2015,1000.3223
Belize,2016,1034.5006
Belize,2017,1067.515
Belize,2018,1073.085
Belize,2019,1336.407
Belize,2020,708.9846
Belize,2021,699.93524
Belize,2022,764.89386
Benin,2011,10.281312
Benin,2012,4.992966
Benin,2013,12.61067
Benin,2014,32.030613
Benin,2015,29.269745
Benin,2016,23.978493
Benin,2017,27.593853
Benin,2018,15.911981
Benin,2019,43.936577
Benin,2020,78.30345
Benin,2021,86.9438
Benin,2022,84.62604
Bermuda,2011,11486.295
Bermuda,2012,11009.578
Bermuda,2013,10704.11
Bermuda,2014,10414.201
Bermuda,2015,10607.14
Bermuda,2016,10461.246
Bermuda,2017,10585.3545
Bermuda,2018,10064.317
Bermuda,2019,9556.186
Bermuda,2020,9211.409
Bermuda,2021,9188.171
Bermuda,2022,9812.015
Bhutan,2011,9770.964
Bhutan,2012,9346.131
Bhutan,2013,10330.664
Bhutan,2014,9709.898
Bhutan,2015,10399.793
Bhutan,2016,10509.974
Bhutan,2017,10117.308
Bhutan,2018,9040.761
Bhutan,2019,11661.738
Bhutan,2020,11585.58
Bhutan,2021,11575.5625
Bhutan,2022,11502.229
Bolivia,2011,681.9768
Bolivia,2012,701.0608
Bolivia,2013,726.9612
Bolivia,2014,760.2828
Bolivia,2015,811.5353
Bolivia,2016,825.7113
Bolivia,2017,838.6141
Bolivia,2018,848.63275
Bolivia,2019,863.5243
Bolivia,2020,834.43866
Bolivia,2021,882.4887
Bolivia,2022,941.5816
Bosnia and Herzegovina,2011,4026.0283
Bosnia and Herzegovina,2012,3758.4614
Bosnia and Herzegovina,2013,4768.4023
Bosnia and Herzegovina,2014,4768.879
Bosnia and Herzegovina,2015,4661.882
Bosnia and Herzegovina,2016,5087.6396
Bosnia and Herzegovina,2017,4720.896
Bosnia and Herzegovina,2018,5608.6055
Bosnia and Herzegovina,2019,5183.416
Bosnia and Herzegovina,2020,5059.6523
Bosnia and Herzegovina,2021,5628.338
Bosnia and Herzegovina,2022,5118.245
Botswana,2011,224.92517
Botswana,2012,160.8878
Botswana,2013,414.92184
Botswana,2014,1021.9506
Botswana,2015,1288.4044
Botswana,2016,1143.5038
Botswana,2017,1257.3651
Botswana,2018,1268.6571
Botswana,2019,1004.1184
Botswana,2020,856.10925
Botswana,2021,961.97534
Botswana,2022,999.886
Brazil,2011,2683.1458
Brazil,2012,2762.8079
Brazil,2013,2829.7888
Brazil,2014,2902.5413
Brazil,2015,2832.619
Brazil,2016,2798.4685
Brazil,2017,2826.4077
Brazil,2018,2861.492
Brazil,2019,2990.4685
Brazil,2020,2949.2068
Brazil,2021,3061.2678
Brazil,2022,3145.042
British Virgin Islands,2011,6789.594
British Virgin Islands,2012,7032.3486
British Virgin Islands,2013,6972.7715
British Virgin Islands,2014,6896.552
British Virgin Islands,2015,7144.315
British Virgin Islands,2016,7391.728
British Virgin Islands,2017,5650.844
British Virgin Islands,2018,5270.2656
British Virgin Islands,2019,5223.4663
British Virgin Islands,2020,5172.3022
British Virgin Islands,2021,5458.34
British Virgin Islands,2022,5425.7627
Brunei,2011,9289.815
Brunei,2012,9664.64
Brunei,2013,10687.29
Brunei,2014,10799.913
Brunei,2015,9965.618
Brunei,2016,10023.45
Brunei,2017,9667.897
Brunei,2018,9901.378
Brunei,2019,11254.217
Brunei,2020,12994.186
Brunei,2021,12798.002
Brunei,2022,12806.18
Bulgaria,2011,6623.2466
Bulgaria,2012,6204.306
Bulgaria,2013,5789.13
Bulgaria,2014,6364.5
Bulgaria,2015,6664.154
Bulgaria,2016,6145.4746
Bulgaria,2017,6243.0127
Bulgaria,2018,6534.6675
Bulgaria,2019,6199.1885
Bulgaria,2020,5751.391
Bulgaria,2021,6857.528
Bulgaria,2022,7404.9443
Burkina Faso,2011,32.524925
Burkina Faso,2012,37.396862
Burkina Faso,2013,42.52565
Burkina Faso,2014,48.431896
Burkina Faso,2015,53.958694
Burkina Faso,2016,51.360523
Burkina Faso,2017,56.463394
Burkina Faso,2018,53.940792
Burkina Faso,2019,38.18317
Burkina Faso,2020,34.382412
Burkina Faso,2021,34.388065
Burkina Faso,2022,33.959953
Burundi,2011,15.863385
Burundi,2012,15.313187
Burundi,2013,16.749456
Burundi,2014,17.151155
Burundi,2015,16.779848
Burundi,2016,16.50872
Burundi,2017,25.09952
Burundi,2018,23.491589
Burundi,2019,30.316202
Burundi,2020,27.004404
Burundi,2021,28.682482
Burundi,2022,27.929531
Cambodia,2011,72.73279
Cambodia,2012,98.73771
Cambodia,2013,120.66915
Cambodia,2014,204.45975
Cambodia,2015,297.06448
Cambodia,2016,366.7297
Cambodia,2017,432.7037
Cambodia,2018,516.6848
Cambodia,2019,544.8013
Cambodia,2020,547.6657
Cambodia,2021,518.41486
Cambodia,2022,525.4102
Cameroon,2011,287.54633
Cameroon,2012,258.1696
Cameroon,2013,293.07278
Cameroon,2014,308.97427
Cameroon,2015,345.89673
Cameroon,2016,299.8529
Cameroon,2017,330.01025
Cameroon,2018,340.55447
Cameroon,2019,333.17377
Cameroon,2020,339.73685
Cameroon,2021,294.13245
Cameroon,2022,290.88782
Canada,2011,18595.695
Canada,2012,18348.387
Canada,2013,18699.967
Canada,2014,18443.074
Canada,2015,18501.002
Canada,2016,18501.375
Canada,2017,18318.207
Canada,2018,17861.627
Canada,2019,17483.605
Canada,2020,17244.19
Canada,2021,16951.115
Canada,2022,17154.117
Cape Verde,2011,701.3846
Cape Verde,2012,711.7744
Cape Verde,2013,759.331
Cape Verde,2014,787.4261
Cape Verde,2015,778.7471
Cape Verde,2016,805.87537
Cape Verde,2017,761.1172
Cape Verde,2018,752.78925
Cape Verde,2019,762.5161
Cape Verde,2020,720.84937
Cape Verde,2021,714.36346
Cape Verde,2022,724.9284
Cayman Islands,2011,11348.693
Cayman Islands,2012,10723.578
Cayman Islands,2013,10647.067
Cayman Islands,2014,10406.177
Cayman Islands,2015,10502.995
Cayman Islands,2016,10758.904
Cayman Islands,2017,10691.656
Cayman Islands,2018,10322.938
Cayman Islands,2019,10884.024
Cayman Islands,2020,10248.488
Cayman Islands,2021,10270.405
Cayman Islands,2022,10185.967
Central African Republic,2011,38.038586
Central African Republic,2012,37.709713
Central African Republic,2013,29.151867
Central African Republic,2014,35.425972
Central African Republic,2015,35.274532
Central African Republic,2016,34.66429
Central African Republic,2017,30.019567
Central African Republic,2018,29.441813
Central African Republic,2019,28.794495
Central African Republic,2020,28.07399
Central African Republic,2021,27.4868
Central African Republic,2022,26.885826
Chad,2011,16.23676
Chad,2012,18.81628
Chad,2013,21.185207
Chad,2014,21.902401
Chad,2015,21.215992
Chad,2016,21.243664
Chad,2017,21.21187
Chad,2018,20.507282
Chad,2019,20.462746
Chad,2020,21.027706
Chad,2021,20.37283
Chad,2022,19.748001
Chile,2011,3612.5283
Chile,2012,3792.0005
Chile,2013,3893.2202
Chile,2014,3954.858
Chile,2015,4015.0818
Chile,2016,4056.6516
Chile,2017,4040.5952
Chile,2018,4103.425
Chile,2019,4064.7107
Chile,2020,4028.4312
Chile,2021,4181.4614
Chile,2022,4245.1094
China,2011,3472.8728
China,2012,3649.7024
China,2013,3947.1177
China,2014,4183.146
China,2015,4171.9995
China,2016,4374.924
China,2017,4683.083
China,2018,5057.014
China,2019,5277.178
China,2020,5459.265
China,2021,5985.2017
China,2022,6205.771
Colombia,2011,1361.7635
Colombia,2012,1377.3846
Colombia,2013,1589.8204
Colombia,2014,1509.4923
Colombia,2015,1654.7208
Colombia,2016,1599.3378
Colombia,2017,1622.9017
Colombia,2018,1587.1512
Colombia,2019,1569.7166
Colombia,2020,1531.494
Colombia,2021,1638.6964
Colombia,2022,1642.6332
Comoros,2011,89.54141
Comoros,2012,87.647026
Comoros,2013,85.788185
Comoros,2014,69.96755
Comoros,2015,68.47242
Comoros,2016,80.4032
Comoros,2017,118.161095
Comoros,2018,128.81253
Comoros,2019,139.0657
Comoros,2020,161.2567
Comoros,2021,158.22168
Comoros,2022,167.30742
Congo,2011,279.21854
Congo,2012,358.56287
Congo,2013,352.10736
Congo,2014,349.85788
Congo,2015,544.98175
Congo,2016,566.8202
Congo,2017,555.3101
Congo,2018,567.90393
Congo,2019,657.00476
Congo,2020,671.67255
Congo,2021,673.4279
Congo,2022,669.9685
Cook Islands,2011,1685.8668
Cook Islands,2012,1663.9858
Cook Islands,2013,1672.2408
Cook Islands,2014,1681.4259
Cook Islands,2015,1693.0022
Cook Islands,2016,1707.2616
Cook Islands,2017,2296.6067
Cook Islands,2018,2894.1885
Cook Islands,2019,2334.6758
Cook Islands,2020,2346.041
Cook Islands,2021,2349.072
Cook Islands,2022,2348.5205
Costa Rica,2011,2083.3657
Costa Rica,2012,2134.4456
Costa Rica,2013,2126.6643
Costa Rica,2014,2099.3777
Costa Rica,2015,2200.0962
Costa Rica,2016,2196.0667
Costa Rica,2017,2258.7788
Costa Rica,2018,2269.509
Costa Rica,2019,2247.9968
Costa Rica,2020,2289.6262
Costa Rica,2021,2450.5432
Costa Rica,2022,2406.9475
Cote d'Ivoire,2011,281.96558
Cote d'Ivoire,2012,318.02704
Cote d'Ivoire,2013,339.57486
Cote d'Ivoire,2014,359.63477
Cote d'Ivoire,2015,368.69504
Cote d'Ivoire,2016,422.48947
Cote d'Ivoire,2017,407.27582
Cote d'Ivoire,2018,393.8183
Cote d'Ivoire,2019,407.68646
Cote d'Ivoire,2020,419.96448
Cote d'Ivoire,2021,413.054
Cote d'Ivoire,2022,394.8787
Croatia,2011,2580.5186
Croatia,2012,2440.2112
Croatia,2013,3235.199
Croatia,2014,3134.944
Croatia,2015,2641.7092
Croatia,2016,2983.1326
Croatia,2017,2807.4158
Croatia,2018,3249.619
Croatia,2019,3063.14
Croatia,2020,3229.2927
Croatia,2021,3721.5474
Croatia,2022,3533.1824
Cuba,2011,1570.9753
Cuba,2012,1629.6335
Cuba,2013,1700.2922
Cuba,2014,1714.609
Cuba,2015,1798.0776
Cuba,2016,1811.8478
Cuba,2017,1814.5082
Cuba,2018,1839.6498
Cuba,2019,1830.9225
Cuba,2020,1685.7369
Cuba,2021,1587.5452
Cuba,2022,1626.7997
Cyprus,2011,4296.6055
Cyprus,2012,4081.082
Cyprus,2013,3676.1807
Cyprus,2014,3687.3503
Cyprus,2015,3823.8467
Cyprus,2016,4082.1812
Cyprus,2017,4137.268
Cyprus,2018,4151.5083
Cyprus,2019,4190.9443
Cyprus,2020,3919.0652
Cyprus,2021,4115.117
Cyprus,2022,4202.9834
Czechia,2011,8254.275
Czechia,2012,8237.034
Czechia,2013,8170.5854
Czechia,2014,8080.1147
Czechia,2015,7838.4224
Czechia,2016,7789.062
Czechia,2017,8143.3325
Czechia,2018,8243.313
Czechia,2019,8135.2383
Czechia,2020,7606.151
Czechia,2021,7959.472
Czechia,2022,7979.8057
Democratic Republic of Congo,2011,113.90406
Democratic Republic of Congo,2012,108.03141
Democratic Republic of Congo,2013,113.25886
Democratic Republic of Congo,2014,117.050446
Democratic Republic of Congo,2015,114.54811
Democratic Republic of Congo,2016,112.85631
Democratic Republic of Congo,2017,113.664314
Democratic Republic of Congo,2018,122.979965
Democratic Republic of Congo,2019,125.79681
Democratic Republic of Congo,2020,128.80553
Democratic Republic of Congo,2021,115.126976
Democratic Republic of Congo,2022,111.50365
Denmark,2011,6296.61
Denmark,2012,5457.998
Denmark,2013,6152.459
Denmark,2014,5670.1406
Denmark,2015,5068.8696
Denmark,2016,5326.9263
Denmark,2017,5385.822
Denmark,2018,5238.708
Denmark,2019,5067.394
Denmark,2020,4905.9004
Denmark,2021,5623.2686
Denmark,2022,5931.3945
Djibouti,2011,416.3024
Djibouti,2012,408.6718
Djibouti,2013,442.49564
Djibouti,2014,101.10293
Djibouti,2015,178.87915
Djibouti,2016,87.953415
Djibouti,2017,57.678886
Djibouti,2018,47.294563
Djibouti,2019,83.79896
Djibouti,2020,119.24832
Djibouti,2021,117.58725
Djibouti,2022,115.98329
Dominica,2011,2181.5642
Dominica,2012,2176.8154
Dominica,2013,2178.9973
Dominica,2014,2161.757
Dominica,2015,2142.031
Dominica,2016,2282.5188
Dominica,2017,1846.0139
Dominica,2018,1552.795
Dominica,2019,1959.5219
Dominica,2020,2221.8828
Dominica,2021,2208.877
Dominica,2022,2336.513
Dominican Republic,2011,1591.3175
Dominican Republic,2012,1684.7965
Dominican Republic,2013,1744.6002
Dominican Republic,2014,1680.5879
Dominican Republic,2015,1729.7991
Dominican Republic,2016,1783.8843
Dominican Republic,2017,1803.2831
Dominican Republic,2018,1842.9187
Dominican Republic,2019,1890.2972
Dominican Republic,2020,1527.3187
Dominican Republic,2021,1853.772
Dominican Republic,2022,1918.2781
East Timor,2011,125.78786
East Timor,2012,114.26733
East Timor,2013,249.66467
East Timor,2014,295.39804
East Timor,2015,290.25842
East Timor,2016,334.81195
East Timor,2017,345.87103
East Timor,2018,356.61926
East Timor,2019,406.10974
East Timor,2020,384.61597
East Timor,2021,386.08752
East Timor,2022,380.2287
Ecuador,2011,1340.7505
Ecuador,2012,1467.9779
Ecuador,2013,1473.0024
Ecuador,2014,1515.8546
Ecuador,2015,1594.8478
Ecuador,2016,1652.1096
Ecuador,2017,1666.7717
Ecuador,2018,1706.662
Ecuador,2019,1862.9199
Ecuador,2020,1778.9937
Ecuador,2021,1804.7239
Ecuador,2022,1813.7881
Egypt,2011,1676.6805
Egypt,2012,1784.7361
Egypt,2013,1767.8702
Egypt,2014,1791.3572
Egypt,2015,1860.6525
Egypt,2016,1885.9731
Egypt,2017,1898.1351
Egypt,2018,1922.0024
Egypt,2019,1898.9066
Egypt,2020,1848.0414
Egypt,2021,1918.779
Egypt,2022,1809.6211
El Salvador,2011,990.6549
El Salvador,2012,1011.1514
El Salvador,2013,1015.2545
El Salvador,2014,1011.349
El Salvador,2015,975.75507
El Salvador,2016,975.91986
El Salvador,2017,890.4263
El Salvador,2018,863.56067
El Salvador,2019,969.711
El Salvador,2020,1005.92206
El Salvador,2021,1005.67535
El Salvador,2022,1002.14746
Equatorial Guinea,2011,262.1026
Equatorial Guinea,2012,452.39734
Equatorial Guinea,2013,683.30884
Equatorial Guinea,2014,841.5734
Equatorial Guinea,2015,965.1263
Equatorial Guinea,2016,1000.7577
Equatorial Guinea,2017,923.6901
Equatorial Guinea,2018,898.74054
Equatorial Guinea,2019,901.45953
Equatorial Guinea,2020,883.4271
Equatorial Guinea,2021,874.8997
Equatorial Guinea,2022,877.65594
Eritrea,2011,99.76387
Eritrea,2012,98.382835
Eritrea,2013,81.90828
Eritrea,2014,81.241394
Eritrea,2015,77.84419
Eritrea,2016,80.23087
Eritrea,2017,100.09029
Eritrea,2018,101.58531
Eritrea,2019,102.89186
Eritrea,2020,104.05333
Eritrea,2021,104.96298
Eritrea,2022,103.147606
Estonia,2011,9710.457
Estonia,2012,9042.234
Estonia,2013,10075.987
Estonia,2014,9471.059
Estonia,2015,7720.6387
Estonia,2016,9248.227
Estonia,2017,9988.235
Estonia,2018,9356.001
Estonia,2019,5734.572
Estonia,2020,4573.323
Estonia,2021,5411.288
Estonia,2022,6711.5913
Eswatini,2011,524.7069
Eswatini,2012,467.85602
Eswatini,2013,536.5148
Eswatini,2014,426.3362
Eswatini,2015,335.11444
Eswatini,2016,315.09048
Eswatini,2017,373.45938
Eswatini,2018,422.25726
Eswatini,2019,418.93948
Eswatini,2020,448.9003
Eswatini,2021,478.07843
Eswatini,2022,482.65762
Ethiopia,2011,69.04969
Ethiopia,2012,80.14715
Ethiopia,2013,89.303764
Ethiopia,2014,94.94042
Ethiopia,2015,101.39366
Ethiopia,2016,118.43117
Ethiopia,2017,121.25924
Ethiopia,2018,130.9284
Ethiopia,2019,132.0533
Ethiopia,2020,135.07872
Ethiopia,2021,129.19528
Ethiopia,2022,124.97981
Europe,2011,6556.132
Europe,2012,6586.5806
Europe,2013,6519.721
Europe,2014,6397.3574
Europe,2015,6436.1846
Europe,2016,6491.2217
Europe,2017,6502.0054
Europe,2018,6519.3213
Europe,2019,6445.012
Europe,2020,6235.241
Europe,2021,6519.419
Europe,2022,6352.6255
European Union (27),2011,6597.9526
European Union (27),2012,6576.4653
European Union (27),2013,6525.4795
European Union (27),2014,6384.6484
European Union (27),2015,6483.3857
European Union (27),2016,6523.9204
European Union (27),2017,6588.2827
European Union (27),2018,6544.895
European Union (27),2019,6459.2705
European Union (27),2020,6182.1665
European Union (27),2021,6459.8857
European Union (27),2022,6208.208
Falkland Islands,2011,6257.8223
Falkland Islands,2012,6220.84
Falkland Islands,2013,6086.4272
Falkland Islands,2014,5959.4756
Falkland Islands,2015,5829.204
Falkland Islands,2016,5670.5415
Falkland Islands,2017,5526.3887
Falkland Islands,2018,5443.658
Falkland Islands,2019,5363.368
Falkland Islands,2020,5313.496
Falkland Islands,2021,5282.62
Falkland Islands,2022,5261.7734
Faroe Islands,2011,5577.2446
Faroe Islands,2012,5990.498
Faroe Islands,2013,5986.2935
Faroe Islands,2014,6392.5435
Faroe Islands,2015,6550.9336
Faroe Islands,2016,6259.718
Faroe Islands,2017,6565.9883
Faroe Islands,2018,6865.7065
Faroe Islands,2019,7348.9595
Faroe Islands,2020,7818.459
Faroe Islands,2021,7937.258
Faroe Islands,2022,7907.073
Fiji,2011,935.75336
Fiji,2012,943.9481
Fiji,2013,963.3627
Fiji,2014,993.90985
Fiji,2015,1013.94556
Fiji,2016,1034.4403
Fiji,2017,1109.8755
Fiji,2018,1131.6624
Fiji,2019,1197.6414
Fiji,2020,1108.1777
Fiji,2021,1092.3466
Fiji,2022,1118.5574
Finland,2011,13640.987
Finland,2012,13005.496
Finland,2013,13101.9795
Finland,2014,12469.248
Finland,2015,12521.313
Finland,2016,12510.88
Finland,2017,12258.207
Finland,2018,12733.287
Finland,2019,12425.883
Finland,2020,12522
Finland,2021,13025.692
Finland,2022,12971.181
France,2011,9038.909
France,2012,8999.006
France,2013,9106.155
France,2014,8905.228
France,2015,8997.212
France,2016,8732.707
France,2017,8674.532
France,2018,8960.012
France,2019,8784.659
France,2020,8176.482
France,2021,8524.836
France,2022,7262.487
French Guiana,2011,3680.7979
French Guiana,2012,3761.6768
French Guiana,2013,3667.661
French Guiana,2014,3699.593
French Guiana,2015,3696.0234
French Guiana,2016,3538.476
French Guiana,2017,3489.7146
French Guiana,2018,3397.6846
French Guiana,2019,3379.2346
French Guiana,2020,3402.319
French Guiana,2021,3395.3916
French Polynesia,2011,2593.9883
French Polynesia,2012,2512.291
French Polynesia,2013,2360.8079
French Polynesia,2014,2345.7983
French Polynesia,2015,2330.3953
French Polynesia,2016,2316.455
French Polynesia,2017,2335.373
French Polynesia,2018,2284.831
French Polynesia,2019,2368.7986
French Polynesia,2020,2252.1404
French Polynesia,2021,2302.3438
French Polynesia,2022,2285.401
Gabon,2011,1145.2699
Gabon,2012,1176.0151
Gabon,2013,1098.7104
Gabon,2014,1011.766
Gabon,2015,1045.0948
Gabon,2016,1049.7506
Gabon,2017,1046.6189
Gabon,2018,1035.5778
Gabon,2019,1021.05054
Gabon,2020,1038.1304
Gabon,2021,999.49384
Gabon,2022,996.234
Gambia,2011,125.111664
Gambia,2012,121.299164
Gambia,2013,117.65392
Gambia,2014,114.2062
Gambia,2015,124.27118
Gambia,2016,129.46593
Gambia,2017,130.18706
Gambia,2018,159.51468
Gambia,2019,183.3486
Gambia,2020,186.47983
Gambia,2021,189.39954
Gambia,2022,188.47041
Georgia,2011,2621.8926
Georgia,2012,2528.679
Georgia,2013,2636.0098
Georgia,2014,2726.3823
Georgia,2015,2850.6008
Georgia,2016,3046.8467
Georgia,2017,3032.951
Georgia,2018,3191.6672
Georgia,2019,3145.2095
Georgia,2020,2963.4255
Georgia,2021,3363.5056
Georgia,2022,3805.6985
Germany,2011,7430.2974
Germany,2012,7600.781
Germany,2013,7709.1753
Germany,2014,7558.7456
Germany,2015,7787.801
Germany,2016,7791.9214
Germany,2017,7799.879
Germany,2018,7627.325
Germany,2019,7217.1187
Germany,2020,6801.3545
Germany,2021,6945.45
Germany,2022,6806.658
Ghana,2011,431.58154
Ghana,2012,452.36636
Ghana,2013,471.92456
Ghana,2014,463.8897
Ghana,2015,403.1735
Ghana,2016,445.62045
Ghana,2017,440.07288
Ghana,2018,482.98306
Ghana,2019,548.8179
Ghana,2020,613.1061
Ghana,2021,672.4934
Ghana,2022,672.1259
Gibraltar,2011,5358.55
Gibraltar,2012,5593.015
Gibraltar,2013,5857.5083
Gibraltar,2014,6158.0146
Gibraltar,2015,6759.663
Gibraltar,2016,6443.6943
Gibraltar,2017,6436.19
Gibraltar,2018,6732.564
Gibraltar,2019,6724.744
Gibraltar,2020,6414.368
Gibraltar,2021,7034.0693
Gibraltar,2022,7650.641
Greece,2011,5311.3525
Greece,2012,5464.4297
Greece,2013,5164.6885
Greece,2014,4567.811
Greece,2015,4723.946
Greece,2016,5008.492
Greece,2017,5125.217
Greece,2018,4947.676
Greece,2019,4534.697
Greece,2020,4519.497
Greece,2021,5192.7324
Greece,2022,4969.681
Greenland,2011,7991.4756
Greenland,2012,8004.6963
Greenland,2013,8197.306
Greenland,2014,8575.717
Greenland,2015,9120.824
Greenland,2016,8580.469
Greenland,2017,8936.391
Greenland,2018,9650.784
Greenland,2019,9471.896
Greenland,2020,11240.165
Greenland,2021,11196.815
Greenland,2022,9912.557
Grenada,2011,1740.1443
Grenada,2012,1725.179
Grenada,2013,1710.0741
Grenada,2014,1695.1163
Grenada,2015,1764.7949
Grenada,2016,1833.746
Grenada,2017,1901.8638
Grenada,2018,1887.5203
Grenada,2019,1955.4005
Grenada,2020,1778.899
Grenada,2021,1845.5514
Grenada,2022,1992.6829
Guadeloupe,2011,4167.1523
Guadeloupe,2012,4268.117
Guadeloupe,2013,4324.582
Guadeloupe,2014,4340.711
Guadeloupe,2015,4409.989
Guadeloupe,2016,4448.79
Guadeloupe,2017,4432.9478
Guadeloupe,2018,4315.207
Guadeloupe,2019,4349.0684
Guadeloupe,2020,4296.738
Guadeloupe,2021,4191.316
Guam,2011,11106.953
Guam,2012,10696.858
Guam,2013,10414.983
Guam,2014,10145.922
Guam,2015,10178.813
Guam,2016,10334.874
Guam,2017,10497.038
Guam,2018,10255.134
Guam,2019,10318.326
Guam,2020,10044.61
Guam,2021,10202.526
Guam,2022,10187.271
Guatemala,2011,590.5569
Guatemala,2012,618.7077
Guatemala,2013,656.1772
Guatemala,2014,677.11426
Guatemala,2015,698.0768
Guatemala,2016,728.00916
Guatemala,2017,744.32776
Guatemala,2018,813.04785
Guatemala,2019,782.1662
Guatemala,2020,729.72455
Guatemala,2021,727.49023
Guatemala,2022,737.50635
Guinea,2011,52.243076
Guinea,2012,67.663414
Guinea,2013,58.79462
Guinea,2014,62.6469
Guinea,2015,98.05605
Guinea,2016,134.94269
Guinea,2017,144.5985
Guinea,2018,118.67904
Guinea,2019,159.19193
Guinea,2020,262.01886
Guinea,2021,221.69821
Guinea,2022,219.34653
Guinea-Bissau,2011,18.64483
Guinea-Bissau,2012,18.151896
Guinea-Bissau,2013,11.780249
Guinea-Bissau,2014,17.208565
Guinea-Bissau,2015,33.53958
Guinea-Bissau,2016,43.60733
Guinea-Bissau,2017,42.556927
Guinea-Bissau,2018,41.559433
Guinea-Bissau,2019,40.599655
Guinea-Bissau,2020,39.68571
Guinea-Bissau,2021,38.821194
Guinea-Bissau,2022,37.99428
Guyana,2011,1222.732
Guyana,2012,1263.4918
Guyana,2013,1284.4115
Guyana,2014,1304.7079
Guyana,2015,1324.4279
Guyana,2016,1422.743
Guyana,2017,1441.177
Guyana,2018,1438.5411
Guyana,2019,1427.2104
Guyana,2020,1417.4486
Guyana,2021,1416.9042
Guyana,2022,1409.6228
Haiti,2011,99.45433
Haiti,2012,108.81887
Haiti,2013,102.327156
Haiti,2014,98.91728
Haiti,2015,97.50314
Haiti,2016,100.804146
Haiti,2017,97.57403
Haiti,2018,94.43876
Haiti,2019,94.97832
Haiti,2020,93.748856
Haiti,2021,89.97539
Haiti,2022,89.771225
High-income countries,2011,9551.43
High-income countries,2012,9515.304
High-income countries,2013,9466.661
High-income countries,2014,9417.567
High-income countries,2015,9425.199
High-income countries,2016,9443.565
High-income countries,2017,9455.924
High-income countries,2018,9533.071
High-income countries,2019,9401.527
High-income countries,2020,9155.745
High-income countries,2021,9410.346
High-income countries,2022,9471.518
Honduras,2011,866.33704
Honduras,2012,891.6822
Honduras,2013,916.2277
Honduras,2014,909.305
Honduras,2015,1008.1221
Honduras,2016,1018.9416
Honduras,2017,1014.8704
Honduras,2018,1028.3008
Honduras,2019,1114.5886
Honduras,2020,1050.2124
Honduras,2021,1120.8029
Honduras,2022,1151.1707
Hong Kong,2011,5431.0786
Hong Kong,2012,5326.1914
Hong Kong,2013,5346.164
Hong Kong,2014,5405.1997
Hong Kong,2015,5116.323
Hong Kong,2016,5126.4634
Hong Kong,2017,4950.7417
Hong Kong,2018,4888.016
Hong Kong,2019,4927.882
Hong Kong,2020,4706.0674
Hong Kong,2021,4966.2554
Hong Kong,2022,4799.1265
Hungary,2011,3618.9194
Hungary,2012,3489.169
Hungary,2013,3059.2332
Hungary,2014,2978.342
Hungary,2015,3080.9863
Hungary,2016,3248.0544
Hungary,2017,3362.9788
Hungary,2018,3278.316
Hungary,2019,3508.0542
Hungary,2020,3581.3284
Hungary,2021,3717.8992
Hungary,2022,3587.7302
Iceland,2011,52770.367
Iceland,2012,53864.94
Iceland,2013,55518.523
Iceland,2014,54326.26
Iceland,2015,56030.785
Iceland,2016,54129.414
Iceland,2017,55493.957
Iceland,2018,55786.78
Iceland,2019,53660.47
Iceland,2020,51516.027
Iceland,2021,52357.574
Iceland,2022,53284.637
India,2011,822.18713
India,2012,856.68964
India,2013,887.7016
India,2014,965.5562
India,2015,999.4205
India,2016,1047.1403
India,2017,1086.4973
India,2018,1153.5254
India,2019,1172.79
India,2020,1132.8807
India,2021,1218.2467
India,2022,1311.0465
Indonesia,2011,776.5287
Indonesia,2012,835.0962
Indonesia,2013,889.0699
Indonesia,2014,927.0586
Indonesia,2015,938.9716
Indonesia,2016,983.5777
Indonesia,2017,1004.95715
Indonesia,2018,1062.6179
Indonesia,2019,1095.9153
Indonesia,2020,1073.4281
Indonesia,2021,1130.0691
Indonesia,2022,1210.6656
Iran,2011,3085.9424
Iran,2012,3216.8352
Iran,2013,3299.3057
Iran,2014,3447.0264
Iran,2015,3426.3003
Iran,2016,3434.797
Iran,2017,3611.2625
Iran,2018,3648.2004
Iran,2019,3683.8552
Iran,2020,3862.9773
Iran,2021,3927.6218
Iran,2022,3931.426
Iraq,2011,1260.1123
Iraq,2012,1358.6519
Iraq,2013,1648.1688
Iraq,2014,1845.891
Iraq,2015,1820.8153
Iraq,2016,2069.3608
Iraq,2017,2159.7048
Iraq,2018,2024.848
Iraq,2019,2116.038
Iraq,2020,2007.4259
Iraq,2021,1979.391
Iraq,2022,2597.7544
Ireland,2011,5969.848
Ireland,2012,5934.8677
Ireland,2013,5565.6895
Ireland,2014,5577.473
Ireland,2015,6009.7344
Ireland,2016,6404.016
Ireland,2017,6425.1675
Ireland,2018,6391.5522
Ireland,2019,6272.4404
Ireland,2020,6461.6265
Ireland,2021,6331.062
Ireland,2022,6685.1045
Israel,2011,7989.544
Israel,2012,8299.417
Israel,2013,7936.143
Israel,2014,7739.213
Israel,2015,8020.953
Israel,2016,8213.002
Israel,2017,8116.25
Israel,2018,8127.489
Israel,2019,8376.005
Israel,2020,8230.672
Israel,2021,8270.733
Israel,2022,8398.691
Italy,2011,4970.6836
Italy,2012,4905.2876
Italy,2013,4742.2925
Italy,2014,4584.1714
Italy,2015,4643.641
Italy,2016,4756.4297
Italy,2017,4867.84
Italy,2018,4777.426
Italy,2019,4855.1816
Italy,2020,4652.224
Italy,2021,4819.1826
Italy,2022,4742.0728
Jamaica,2011,1587.6663
Jamaica,2012,1561.6967
Jamaica,2013,1546.9861
Jamaica,2014,1529.8746
Jamaica,2015,1531.6046
Jamaica,2016,1602.0271
Jamaica,2017,1559.6136
Jamaica,2018,1408.3295
Jamaica,2019,1649.0297
Jamaica,2020,1517.4949
Jamaica,2021,1538.3522
Jamaica,2022,1623.4099
Japan,2011,8626.073
Japan,2012,8657.3955
Japan,2013,8519.496
Japan,2014,8336.58
Japan,2015,8095.186
Japan,2016,8150.7876
Japan,2017,8227.141
Japan,2018,8341.632
Japan,2019,8154.5938
Japan,2020,7960.0938
Japan,2021,8183.046
Japan,2022,8338.329
Jordan,2011,2059.0776
Jordan,2012,2300.3755
Jordan,2013,2243.0679
Jordan,2014,2110.18
Jordan,2015,2007.5308
Jordan,2016,1973.9762
Jordan,2017,2034.187
Jordan,2018,1947.4441
Jordan,2019,1918.928
Jordan,2020,1894.0914
Jordan,2021,1915.9894
Jordan,2022,1937.8206
Kazakhstan,2011,5133.7334
Kazakhstan,2012,5298.527
Kazakhstan,2013,5339.065
Kazakhstan,2014,5379.6274
Kazakhstan,2015,5138.5103
Kazakhstan,2016,5234.3774
Kazakhstan,2017,5630.4126
Kazakhstan,2018,5786.4614
Kazakhstan,2019,5677.6436
Kazakhstan,2020,5723.619
Kazakhstan,2021,5994.853
Kazakhstan,2022,5875.8643
Kenya,2011,183.65129
Kenya,2012,186.84618
Kenya,2013,180.38788
Kenya,2014,200.73372
Kenya,2015,209.38501
Kenya,2016,202.11018
Kenya,2017,221.25458
Kenya,2018,225.61073
Kenya,2019,228.06023
Kenya,2020,223.13794
Kenya,2021,227.71172
Kenya,2022,228.77245
Kiribati,2011,182.00516
Kiribati,2012,179.16331
Kiribati,2013,264.74637
Kiribati,2014,260.86502
Kiribati,2015,257.03195
Kiribati,2016,253.10262
Kiribati,2017,249.21497
Kiribati,2018,245.34659
Kiribati,2019,241.44481
Kiribati,2020,237.20477
Kiribati,2021,232.76926
Kiribati,2022,228.59407
Kosovo,2011,3223.404
Kosovo,2012,3279.199
Kosovo,2013,3610.836
Kosovo,2014,3054.316
Kosovo,2015,3473.3237
Kosovo,2016,3415.73
Kosovo,2017,3418.6653
Kosovo,2018,3456.2087
Kosovo,2019,3764.3997
Kosovo,2020,4010.29
Kosovo,2021,4157.586
Kosovo,2022,4163.35
Kuwait,2011,18277.086
Kuwait,2012,18004.707
Kuwait,2013,16725.535
Kuwait,2014,17319.805
Kuwait,2015,17473.639
Kuwait,2016,17316.809
Kuwait,2017,17656.168
Kuwait,2018,17177.842
Kuwait,2019,16903.45
Kuwait,2020,17142.723
Kuwait,2021,19006.562
Kuwait,2022,20246.5
Kyrgyzstan,2011,2703.3652
Kyrgyzstan,2012,2668.7002
Kyrgyzstan,2013,2433.7532
Kyrgyzstan,2014,2481.7583
Kyrgyzstan,2015,2184.283
Kyrgyzstan,2016,2185.0012
Kyrgyzstan,2017,2510.9185
Kyrgyzstan,2018,2503.4133
Kyrgyzstan,2019,2367.3064
Kyrgyzstan,2020,2396.932
Kyrgyzstan,2021,2319.332
Kyrgyzstan,2022,2088.794
Laos,2011,2001.1437
Laos,2012,1986.5394
Laos,2013,2327.0132
Laos,2014,2259.5942
Laos,2015,2380.8752
Laos,2016,3698.8313
Laos,2017,4439.887
Laos,2018,4844.47
Laos,2019,4331.635
Laos,2020,5459.466
Laos,2021,6049.786
Laos,2022,6102.6816
Latvia,2011,2932.1506
Latvia,2012,3004.4287
Latvia,2013,3051.9456
Latvia,2014,2555.8914
Latvia,2015,2781.1929
Latvia,2016,3253.1416
Latvia,2017,3851.9365
Latvia,2018,3471.7344
Latvia,2019,3360.201
Latvia,2020,3015.1968
Latvia,2021,3121.788
Latvia,2022,2696.344
Lebanon,2011,3230.8826
Lebanon,2012,3178.626
Lebanon,2013,3310.524
Lebanon,2014,2864.044
Lebanon,2015,2912.982
Lebanon,2016,3101.3186
Lebanon,2017,3478.3293
Lebanon,2018,3572.6035
Lebanon,2019,3735.7883
Lebanon,2020,3220.951
Lebanon,2021,1848.863
Lebanon,2022,1830.6864
Lesotho,2011,240.46873
Lesotho,2012,238.47508
Lesotho,2013,245.9078
Lesotho,2014,248.18027
Lesotho,2015,250.17322
Lesotho,2016,242.55133
Lesotho,2017,248.77661
Lesotho,2018,245.67453
Lesotho,2019,224.64742
Lesotho,2020,221.81763
Lesotho,2021,219.15752
Lesotho,2022,216.84204
Liberia,2011,71.750626
Liberia,2012,69.25609
Liberia,2013,67.7611
Liberia,2014,66.38035
Liberia,2015,67.21115
Liberia,2016,63.74697
Liberia,2017,72.967865
Liberia,2018,57.26679
Liberia,2019,58.17114
Liberia,2020,167.07318
Liberia,2021,150.18999
Liberia,2022,148.98099
Libya,2011,4203.205
Libya,2012,5841.687
Libya,2013,6337.269
Libya,2014,6187.511
Libya,2015,6057.58
Libya,2016,5001.431
Libya,2017,5217.718
Libya,2018,5276.49
Libya,2019,5271.6626
Libya,2020,4433.4595
Libya,2021,4605.599
Libya,2022,4444.8726
Lithuania,2011,1371.0562
Lithuania,2012,1468.9847
Lithuania,2013,1383.6644
Lithuania,2014,1232.0831
Lithuania,2015,1427.2391
Lithuania,2016,1237.3555
Lithuania,2017,1225.7046
Lithuania,2018,1015.25385
Lithuania,2019,1172.307
Lithuania,2020,1666.5076
Lithuania,2021,1543.0704
Lithuania,2022,1498.1503
Low-income countries,2011,224.94838
Low-income countries,2012,207.48328
Low-income countries,2013,198.65768
Low-income countries,2014,193.30412
Low-income countries,2015,185.11311
Low-income countries,2016,196.68166
Low-income countries,2017,192.3385
Low-income countries,2018,192.8598
Low-income countries,2019,189.01715
Low-income countries,2020,185.6352
Low-income countries,2021,184.10603
Low-income countries,2022,176.07613
Lower-middle-income countries,2011,777.7571
Lower-middle-income countries,2012,811.17914
Lower-middle-income countries,2013,832.83746
Lower-middle-income countries,2014,876.4348
Lower-middle-income countries,2015,897.2471
Lower-middle-income countries,2016,935.8147
Lower-middle-income countries,2017,966.8728
Lower-middle-income countries,2018,1007.27094
Lower-middle-income countries,2019,1023.96796
Lower-middle-income countries,2020,1008.2923
Lower-middle-income countries,2021,1062.9934
Lower-middle-income countries,2022,1094.8873
Luxembourg,2011,5094.4893
Luxembourg,2012,5201.6978
Luxembourg,2013,3388.1577
Luxembourg,2014,3434.7886
Luxembourg,2015,2353.2925
Luxembourg,2016,1354.2355
Luxembourg,2017,1509.3328
Luxembourg,2018,1579.1552
Luxembourg,2019,1725.8595
Luxembourg,2020,1935.2761
Luxembourg,2021,1923.889
Luxembourg,2022,1822.1096
Macao,2011,1558.6307
Macao,2012,960.9181
Macao,2013,690.9546
Macao,2014,1059.3168
Macao,2015,1544.1053
Macao,2016,1579.7184
Macao,2017,2301.8672
Macao,2018,998.47003
Macao,2019,1265.7084
Macao,2020,828.05084
Macao,2021,728.20905
Macao,2022,704.8534
Madagascar,2011,65.77724
Madagascar,2012,67.92578
Madagascar,2013,69.95059
Madagascar,2014,71.02748
Madagascar,2015,72.02955
Madagascar,2016,74.50413
Madagascar,2017,75.660484
Madagascar,2018,77.84987
Madagascar,2019,79.17733
Madagascar,2020,76.527405
Madagascar,2021,79.19586
Madagascar,2022,79.69818
Malawi,2011,130.06653
Malawi,2012,131.56839
Malawi,2013,127.92691
Malawi,2014,131.69096
Malawi,2015,128.10716
Malawi,2016,123.5233
Malawi,2017,106.81626
Malawi,2018,97.4527
Malawi,2019,84.27261
Malawi,2020,78.95936
Malawi,2021,65.36033
Malawi,2022,66.159225
Malaysia,2011,4354.077
Malaysia,2012,4520.5337
Malaysia,2013,4677.9795
Malaysia,2014,4818.265
Malaysia,2015,4831.53
Malaysia,2016,4968.849
Malaysia,2017,5023.797
Malaysia,2018,5264.9336
Malaysia,2019,5441.4053
Malaysia,2020,5108.737
Malaysia,2021,5199.5796
Malaysia,2022,5335.8726
Maldives,2011,1014.8217
Maldives,2012,1032.1195
Maldives,2013,1048.0585
Maldives,2014,1295.7533
Maldives,2015,1423.3568
Maldives,2016,1474.9165
Maldives,2017,1545.1404
Maldives,2018,1612.9922
Maldives,2019,1605.4928
Maldives,2020,1593.9321
Maldives,2021,1610.834
Maldives,2022,1622.763
Mali,2011,134.66557
Mali,2012,139.87547
Mali,2013,129.38103
Mali,2014,143.00507
Mali,2015,138.57518
Mali,2016,161.4964
Mali,2017,178.13353
Mali,2018,169.55696
Mali,2019,151.69615
Mali,2020,149.35893
Mali,2021,149.28105
Mali,2022,165.97623
Malta,2011,5123.0356
Malta,2012,5349.932
Malta,2013,5165.348
Malta,2014,5039.769
Malta,2015,2847.2246
Malta,2016,1838.7188
Malta,2017,3441.0342
Malta,2018,4007.4045
Malta,2019,4110.0293
Malta,2020,4171.809
Malta,2021,4214.515
Malta,2022,4312.826
Martinique,2011,4055.1812
Martinique,2012,4134.463
Martinique,2013,4158.815
Martinique,2014,4058.3464
Martinique,2015,4119.7007
Martinique,2016,4206.652
Martinique,2017,4132.91
Martinique,2018,4108.3867
Martinique,2019,4163.8237
Martinique,2020,4049.687
Martinique,2021,4094.371
Mauritania,2011,246.86104
Mauritania,2012,264.01755
Mauritania,2013,261.82452
Mauritania,2014,268.00714
Mauritania,2015,293.9518
Mauritania,2016,286.28574
Mauritania,2017,324.51782
Mauritania,2018,339.52145
Mauritania,2019,355.85135
Mauritania,2020,364.55746
Mauritania,2021,353.19754
Mauritania,2022,358.94165
Mauritius,2011,2122.4673
Mauritius,2012,2164.8833
Mauritius,2013,2215.8552
Mauritius,2014,2275.3445
Mauritius,2015,2312.1675
Mauritius,2016,2357.1982
Mauritius,2017,2402.021
Mauritius,2018,2408.5486
Mauritius,2019,2491.738
Mauritius,2020,2234.499
Mauritius,2021,2301.909
Mauritius,2022,2701.0845
Mexico,2011,2559.2537
Mexico,2012,2560.5603
Mexico,2013,2533.1936
Mexico,2014,2554.1472
Mexico,2015,2583.0237
Mexico,2016,2628.7197
Mexico,2017,2679.0295
Mexico,2018,2816.6206
Mexico,2019,2754.68
Mexico,2020,2585.2732
Mexico,2021,2604.4722
Mexico,2022,2671.9922
Moldova,2011,1607.7283
Moldova,2012,1656.5935
Moldova,2013,1320.0521
Moldova,2014,1608.5848
Moldova,2015,1842.9299
Moldova,2016,1813.8832
Moldova,2017,1559.4958
Moldova,2018,1712.373
Moldova,2019,1829.8785
Moldova,2020,2003.3401
Moldova,2021,2175.3977
Moldova,2022,1625.4236
Mongolia,2011,1654.5514
Mongolia,2012,1722.5609
Mongolia,2013,1764.3998
Mongolia,2014,1853.3665
Mongolia,2015,1858.5004
Mongolia,2016,1871.5596
Mongolia,2017,1947.6537
Mongolia,2018,2076.4895
Mongolia,2019,2146.9883
Mongolia,2020,2015.5782
Mongolia,2021,2222.367
Mongolia,2022,2295.216
Montenegro,2011,4194.359
Montenegro,2012,4501.9927
Montenegro,2013,6214.991
Montenegro,2014,4997.6274
Montenegro,2015,4732.093
Montenegro,2016,4958.4375
Montenegro,2017,3921.2896
Montenegro,2018,6017.8096
Montenegro,2019,5440.9644
Montenegro,2020,5389.0103
Montenegro,2021,6004.5615
Montenegro,2022,5278.4165
Montserrat,2011,2004.4097
Montserrat,2012,2000.4
Montserrat,2013,1986.0973
Montserrat,2014,1970.4434
Montserrat,2015,1967.3422
Montserrat,2016,1957.7134
Montserrat,2017,2117.2983
Montserrat,2018,2282.584
Montserrat,2019,2208.4805
Montserrat,2020,2209.4565
Montserrat,2021,2253.2673
Montserrat,2022,2266.0322
Morocco,2011,740.34216
Morocco,2012,794.85095
Morocco,2013,796.95825
Morocco,2014,819.8873
Morocco,2015,862.4454
Morocco,2016,879.30505
Morocco,2017,899.0063
Morocco,2018,961.9368
Morocco,2019,1112.2617
Morocco,2020,1057.5443
Morocco,2021,1113.9105
Morocco,2022,1105.5055
Mozambique,2011,698.21985
Mozambique,2012,611.32947
Mozambique,2013,588.87036
Mozambique,2014,629.83167
Mozambique,2015,684.7158
Mozambique,2016,680.9525
Mozambique,2017,617.4428
Mozambique,2018,582.52
Mozambique,2019,627.03064
Mozambique,2020,610.04083
Mozambique,2021,587.9589
Mozambique,2022,576.89655
Myanmar,2011,209.46077
Myanmar,2012,222.2302
Myanmar,2013,246.01006
Myanmar,2014,281.75668
Myanmar,2015,314.66113
Myanmar,2016,349.18445
Myanmar,2017,402.38416
Myanmar,2018,410.89114
Myanmar,2019,364.25195
Myanmar,2020,351.53268
Myanmar,2021,371.57452
Myanmar,2022,376.3429
Namibia,2011,680.0032
Namibia,2012,770.4821
Namibia,2013,612.379
Namibia,2014,682.11975
Namibia,2015,692.16003
Namibia,2016,637.0109
Namibia,2017,748.56
Namibia,2018,586.11237
Namibia,2019,564.037
Namibia,2020,803.5036
Namibia,2021,596.80255
Namibia,2022,525.9008
Nauru,2011,1941.1821
Nauru,2012,1911.315
Nauru,2013,1865.8457
Nauru,2014,2735.978
Nauru,2015,2676.8984
Nauru,2016,2617.116
Nauru,2017,2562.3506
Nauru,2018,3347.5605
Nauru,2019,3290.5562
Nauru,2020,3241.754
Nauru,2021,3191.5742
Nauru,2022,3151.8398
Nepal,2011,126.89612
Nepal,2012,129.1588
Nepal,2013,127.82326
Nepal,2014,138.37247
Nepal,2015,125.31542
Nepal,2016,150.0295
Nepal,2017,162.50687
Nepal,2018,169.78455
Nepal,2019,212.95412
Nepal,2020,211.2535
Nepal,2021,321.95782
Nepal,2022,321.46564
Netherlands,2011,6744.3164
Netherlands,2012,6092.832
Netherlands,2013,5961.813
Netherlands,2014,6022.1494
Netherlands,2015,6395.71
Netherlands,2016,6654.788
Netherlands,2017,6743.687
Netherlands,2018,6542.851
Netherlands,2019,6914.0244
Netherlands,2020,6995.3003
Netherlands,2021,6899.903
Netherlands,2022,6848.0903
New Caledonia,2011,8486.287
New Caledonia,2012,8440.373
New Caledonia,2013,9080.91
New Caledonia,2014,10719.182
New Caledonia,2015,10245.865
New Caledonia,2016,11065.962
New Caledonia,2017,11358.921
New Caledonia,2018,12285.573
New Caledonia,2019,11949.232
New Caledonia,2020,10998.143
New Caledonia,2021,9450.712
New Caledonia,2022,9449.612
New Zealand,2011,10010.787
New Zealand,2012,9919.993
New Zealand,2013,9594.124
New Zealand,2014,9507.779
New Zealand,2015,9491.152
New Zealand,2016,9243.613
New Zealand,2017,9198.836
New Zealand,2018,9037.872
New Zealand,2019,8822.284
New Zealand,2020,8565.281
New Zealand,2021,8671.021
New Zealand,2022,8522.187
Nicaragua,2011,641.1384
Nicaragua,2012,668.258
Nicaragua,2013,681.44196
Nicaragua,2014,718.3492
Nicaragua,2015,728.73224
Nicaragua,2016,718.3956
Nicaragua,2017,697.4734
Nicaragua,2018,707.522
Nicaragua,2019,687.2832
Nicaragua,2020,560.9911
Nicaragua,2021,614.54956
Nicaragua,2022,618.84796
Niger,2011,19.672377
Niger,2012,21.721684
Niger,2013,23.58844
Niger,2014,23.22939
Niger,2015,26.828123
Niger,2016,33.458008
Niger,2017,25.761429
Niger,2018,25.246866
Niger,2019,27.299795
Niger,2020,27.122942
Niger,2021,29.699768
Niger,2022,30.143488
Nigeria,2011,163.41948
Nigeria,2012,168.98334
Nigeria,2013,165.57341
Nigeria,2014,179.95415
Nigeria,2015,180.27586
Nigeria,2016,193.67465
Nigeria,2017,166.61852
Nigeria,2018,168.40768
Nigeria,2019,162.90834
Nigeria,2020,168.34079
Nigeria,2021,168.97739
Nigeria,2022,169.21292
Niue,2011,0
Niue,2012,0
Niue,2013,0
Niue,2014,0
Niue,2015,0
Niue,2016,0
Niue,2017,0
Niue,2018,0
Niue,2019,0
Niue,2020,0
Niue,2021,0
Niue,2022,0
North America,2011,9377.162
North America,2012,9205.972
North America,2013,9180.579
North America,2014,9170.737
North America,2015,9100.935
North America,2016,9056.05
North America,2017,8926.533
North America,2018,9137.44
North America,2019,8983.348
North America,2020,8682.348
North America,2021,8832.698
North America,2022,9048.603
North Korea,2011,842.0827
North Korea,2012,858.2529
North Korea,2013,878.7359
North Korea,2014,854.88654
North Korea,2015,749.46515
North Korea,2016,937.785
North Korea,2017,918.23596
North Korea,2018,968.08844
North Korea,2019,926.0179
North Korea,2020,929.739
North Korea,2021,984.52515
North Korea,2022,854.64136
North Macedonia,2011,3223.4836
North Macedonia,2012,2981.6824
North Macedonia,2013,2896.9377
North Macedonia,2014,2555.4639
North Macedonia,2015,2680.31
North Macedonia,2016,2668.0012
North Macedonia,2017,2651.5378
North Macedonia,2018,2654.3687
North Macedonia,2019,2776.4968
North Macedonia,2020,2529.5134
North Macedonia,2021,2619.6567
North Macedonia,2022,2732.1282
Norway,2011,25422.094
Norway,2012,29124.986
Norway,2013,26205.22
Norway,2014,27419.625
Norway,2015,27551.09
Norway,2016,28268.39
Norway,2017,28095.297
Norway,2018,27471.986
Norway,2019,25022.975
Norway,2020,28684.89
Norway,2021,29081.879
Norway,2022,26961.955
Oceania,2011,8216.437
Oceania,2012,7928.3525
Oceania,2013,7748.264
Oceania,2014,7594.638
Oceania,2015,7645.1025
Oceania,2016,7622.6416
Oceania,2017,7516.99
Oceania,2018,7488.0063
Oceania,2019,7432.101
Oceania,2020,7283.693
Oceania,2021,7268.4873
Oceania,2022,7316.5703
Oman,2011,6819.706
Oman,2012,7076.6226
Oman,2013,6875.071
Oman,2014,7265.6577
Oman,2015,7812.903
Oman,2016,7782.9414
Oman,2017,7959.3066
Oman,2018,8200.106
Oman,2019,8440.571
Oman,2020,8482.623
Oman,2021,9131.786
Oman,2022,9407.163
Pakistan,2011,477.48587
Pakistan,2012,485.14914
Pakistan,2013,510.7687
Pakistan,2014,518.1712
Pakistan,2015,534.62756
Pakistan,2016,575.5771
Pakistan,2017,602.4596
Pakistan,2018,587.1712
Pakistan,2019,596.9279
Pakistan,2020,629.8065
Pakistan,2021,681.36804
Pakistan,2022,714.6405
Palestine,2011,139.44112
Palestine,2012,109.93841
Palestine,2013,123.77971
Palestine,2014,77.61719
Palestine,2015,115.95197
Palestine,2016,115.371506
Palestine,2017,116.99753
Palestine,2018,87.398964
Palestine,2019,164.977
Palestine,2020,167.35045
Palestine,2021,173.3746
Palestine,2022,177.14029
Panama,2011,2120.0002
Panama,2012,2293.0215
Panama,2013,2341.9773
Panama,2014,2391.4863
Panama,2015,2602.915
Panama,2016,2702.2073
Panama,2017,2695.2659
Panama,2018,2688.9092
Panama,2019,2750.123
Panama,2020,2547.5088
Panama,2021,2783.0994
Panama,2022,3030.453
Papua New Guinea,2011,464.98898
Papua New Guinea,2012,464.7079
Papua New Guinea,2013,486.318
Papua New Guinea,2014,505.66162
Papua New Guinea,2015,521.7589
Papua New Guinea,2016,536.00464
Papua New Guinea,2017,477.24567
Papua New Guinea,2018,488.78616
Papua New Guinea,2019,457.95163
Papua New Guinea,2020,429.75943
Papua New Guinea,2021,464.3478
Papua New Guinea,2022,476.2081
Paraguay,2011,9859.79
Paraguay,2012,10168.272
Paraguay,2013,10075.502
Paraguay,2014,9100.72
Paraguay,2015,9046.684
Paraguay,2016,10203.263
Paraguay,2017,9412.459
Paraguay,2018,9209.514
Paraguay,2019,7594.1475
Paraguay,2020,7027.0596
Paraguay,2021,6072.6733
Paraguay,2022,6490.4365
Peru,2011,1330.8356
Peru,2012,1343.2117
Peru,2013,1448.4595
Peru,2014,1506.5582
Peru,2015,1571.7053
Peru,2016,1658.381
Peru,2017,1667.7483
Peru,2018,1706.3127
Peru,2019,1737.0979
Peru,2020,1584.4579
Peru,2021,1683.797
Peru,2022,1692.8251
Philippines,2011,717.78595
Philippines,2012,743.5303
Philippines,2013,754.56287
Philippines,2014,762.19934
Philippines,2015,799.75653
Philippines,2016,865.69507
Philippines,2017,884.0297
Philippines,2018,918.6799
Philippines,2019,960.5837
Philippines,2020,906.9356
Philippines,2021,931.8554
Philippines,2022,977.94196
Poland,2011,4217.1523
Poland,2012,4180.6177
Poland,2013,4242.1973
Poland,2014,4104.2583
Poland,2015,4261.6494
Poland,2016,4308.0957
Poland,2017,4409.4883
Poland,2018,4398.3267
Poland,2019,4240.185
Poland,2020,4089.4265
Poland,2021,4667.2046
Poland,2022,4479.749
Portugal,2011,4901.172
Portugal,2012,4318.5356
Portugal,2013,4811.4883
Portugal,2014,4976.7593
Portugal,2015,4933.7046
Portugal,2016,5714.8384
Portugal,2017,5587.1787
Portugal,2018,5670.646
Portugal,2019,5014.6157
Portugal,2020,4990.199
Portugal,2021,4783.2344
Portugal,2022,4513.742
Puerto Rico,2011,6029.8813
Puerto Rico,2012,6096.2456
Puerto Rico,2013,5941.863
Puerto Rico,2014,5915.717
Puerto Rico,2015,5975.979
Puerto Rico,2016,6012.6807
Puerto Rico,2017,4865.7217
Puerto Rico,2018,5260.194
Puerto Rico,2019,5736.606
Puerto Rico,2020,5737.3066
Puerto Rico,2021,5819.971
Puerto Rico,2022,5943.2817
Qatar,2011,17032.717
Qatar,2012,18261.295
Qatar,2013,17071.898
Qatar,2014,17521.113
Qatar,2015,17241.094
Qatar,2016,16353.425
Qatar,2017,16852.5
Qatar,2018,17370.605
Qatar,2019,17811.076
Qatar,2020,17896.021
Qatar,2021,19265.4
Qatar,2022,20054.684
Reunion,2011,3067.023
Reunion,2012,3125.8728
Reunion,2013,3109.487
Reunion,2014,3126.3767
Reunion,2015,3143.628
Reunion,2016,3172.7942
Reunion,2017,3194.871
Reunion,2018,3134.3335
Reunion,2019,3212.4773
Reunion,2020,3956.8647
Reunion,2021,3198.3206
Romania,2011,3056.3364
Romania,2012,2907.0703
Romania,2013,2899.8508
Romania,2014,3246.6758
Romania,2015,3298.4902
Romania,2016,3243.7915
Romania,2017,3225.5688
Romania,2018,3267.7476
Romania,2019,3009.5964
Romania,2020,2839.7227
Romania,2021,3029.7139
Romania,2022,2782.911
Russia,2011,7357.886
Russia,2012,7444.648
Russia,2013,7356.926
Russia,2014,7375.6763
Russia,2015,7379.2905
Russia,2016,7518.2715
Russia,2017,7501.8975
Russia,2018,7615.328
Russia,2019,7672.173
Russia,2020,7453.921
Russia,2021,7974.142
Russia,2022,8063.8047
Rwanda,2011,33.09088
Rwanda,2012,35.97676
Rwanda,2013,33.329273
Rwanda,2014,36.064724
Rwanda,2015,43.803284
Rwanda,2016,53.642216
Rwanda,2017,53.146507
Rwanda,2018,64.63551
Rwanda,2019,67.004135
Rwanda,2020,66.938644
Rwanda,2021,72.798096
Rwanda,2022,71.13459
Saint Helena,2011,1859.7731
Saint Helena,2012,1848.4288
Saint Helena,2013,1836.2101
Saint Helena,2014,1824.8175
Saint Helena,2015,1811.5942
Saint Helena,2016,1807.3378
Saint Helena,2017,1811.2661
Saint Helena,2018,1820.1675
Saint Helena,2019,1828.1536
Saint Helena,2020,1835.536
Saint Helena,2021,1842.2992
Saint Helena,2022,1851.509
Saint Kitts and Nevis,2011,4621.3633
Saint Kitts and Nevis,2012,4606.944
Saint Kitts and Nevis,2013,4603.1846
Saint Kitts and Nevis,2014,4600.97
Saint Kitts and Nevis,2015,4601.1626
Saint Kitts and Nevis,2016,4810.3066
Saint Kitts and Nevis,2017,4601.4517
Saint Kitts and Nevis,2018,4813.0244
Saint Kitts and Nevis,2019,4817.864
Saint Kitts and Nevis,2020,4615.449
Saint Kitts and Nevis,2021,4618.841
Saint Kitts and Nevis,2022,4613.997
Saint Lucia,2011,2265.374
Saint Lucia,2012,2194.7683
Saint Lucia,2013,2184.0085
Saint Lucia,2014,2173.739
Saint Lucia,2015,2163.541
Saint Lucia,2016,2210.521
Saint Lucia,2017,2257.6548
Saint Lucia,2018,2248.53
Saint Lucia,2019,2295.7097
Saint Lucia,2020,2064.2139
Saint Lucia,2021,2170.7307
Saint Lucia,2022,2168.2085
Saint Pierre and Miquelon,2011,6594.1313
Saint Pierre and Miquelon,2012,6613.757
Saint Pierre and Miquelon,2013,8296.001
Saint Pierre and Miquelon,2014,8315.316
Saint Pierre and Miquelon,2015,8331.944
Saint Pierre and Miquelon,2016,8347.245
Saint Pierre and Miquelon,2017,8361.204
Saint Pierre and Miquelon,2018,8376.612
Saint Pierre and Miquelon,2019,8400.538
Saint Pierre and Miquelon,2020,8431.703
Saint Pierre and Miquelon,2021,8467.4
Saint Pierre and Miquelon,2022,8496.177
Saint Vincent and the Grenadines,2011,1287.6879
Saint Vincent and the Grenadines,2012,1387.5399
Saint Vincent and the Grenadines,2013,1302.7013
Saint Vincent and the Grenadines,2014,1309.2188
Saint Vincent and the Grenadines,2015,1408.5433
Saint Vincent and the Grenadines,2016,1509.847
Saint Vincent and the Grenadines,2017,1420.8851
Saint Vincent and the Grenadines,2018,1424.542
Saint Vincent and the Grenadines,2019,1429.3882
Saint Vincent and the Grenadines,2020,1624.5557
Saint Vincent and the Grenadines,2021,1629.2888
Saint Vincent and the Grenadines,2022,1635.26
Samoa,2011,662.03577
Samoa,2012,555.18823
Samoa,2013,600.14404
Samoa,2014,644.3011
Samoa,2015,638.5507
Samoa,2016,729.7175
Samoa,2017,770.557
Samoa,2018,715.2564
Samoa,2019,755.0197
Samoa,2020,790.9405
Samoa,2021,685.6171
Samoa,2022,854.355
Sao Tome and Principe,2011,376.22678
Sao Tome and Principe,2012,421.19452
Sao Tome and Principe,2013,361.26236
Sao Tome and Principe,2014,405.04074
Sao Tome and Principe,2015,497.16122
Sao Tome and Principe,2016,537.5293
Sao Tome and Principe,2017,480.6537
Sao Tome and Principe,2018,473.1309
Sao Tome and Principe,2019,512.55286
Sao Tome and Principe,2020,503.08713
Sao Tome and Principe,2021,493.01266
Sao Tome and Principe,2022,615.6742
Saudi Arabia,2011,8595.085
Saudi Arabia,2012,9137.4375
Saudi Arabia,2013,9361.391
Saudi Arabia,2014,10216.162
Saudi Arabia,2015,10706.618
Saudi Arabia,2016,10703.169
Saudi Arabia,2017,11551.739
Saudi Arabia,2018,10702.169
Saudi Arabia,2019,10565.946
Saudi Arabia,2020,10581.405
Saudi Arabia,2021,10930.061
Saudi Arabia,2022,11030.019
Senegal,2011,255.51654
Senegal,2012,273.58252
Senegal,2013,280.2383
Senegal,2014,299.20584
Senegal,2015,309.27423
Senegal,2016,324.03802
Senegal,2017,311.391
Senegal,2018,317.17682
Senegal,2019,363.7322
Senegal,2020,368.70013
Senegal,2021,394.62628
Senegal,2022,448.12875
Serbia,2011,5063.69
Serbia,2012,4848.9355
Serbia,2013,5270.4795
Serbia,2014,4514.867
Serbia,2015,5092.0933
Serbia,2016,5250.0317
Serbia,2017,4961.9004
Serbia,2018,5033.7476
Serbia,2019,5080.356
Serbia,2020,5157.6445
Serbia,2021,5239.3037
Serbia,2022,4978.2837
Seychelles,2011,4262.484
Seychelles,2012,4301.346
Seychelles,2013,4548.744
Seychelles,2014,4591.0874
Seychelles,2015,4634.294
Seychelles,2016,4974.085
Seychelles,2017,5008.446
Seychelles,2018,5042.6685
Seychelles,2019,5460.5024
Seychelles,2020,5590.0327
Seychelles,2021,5634.5435
Seychelles,2022,5787.091
Sierra Leone,2011,25.709312
Sierra Leone,2012,26.515064
Sierra Leone,2013,22.97244
Sierra Leone,2014,21.006344
Sierra Leone,2015,21.873526
Sierra Leone,2016,28.022724
Sierra Leone,2017,29.957396
Sierra Leone,2018,34.34552
Sierra Leone,2019,24.854507
Sierra Leone,2020,24.28961
Sierra Leone,2021,23.751158
Sierra Leone,2022,23.240349
Singapore,2011,8709.893
Singapore,2012,8723.281
Singapore,2013,8756.745
Singapore,2014,8850.186
Singapore,2015,8899.083
Singapore,2016,9031.964
Singapore,2017,9069.321
Singapore,2018,9109.916
Singapore,2019,9228.815
Singapore,2020,8979.887
Singapore,2021,9390.576
Singapore,2022,9525.261
Slovakia,2011,5234.4336
Slovakia,2012,5231.747
Slovakia,2013,5263.4067
Slovakia,2014,5005.93
Slovakia,2015,4907.411
Slovakia,2016,4934.448
Slovakia,2017,5040.9805
Slovakia,2018,4894.6655
Slovakia,2019,5172.415
Slovakia,2020,5224.788
Slovakia,2021,5451.921
Slovakia,2022,4702.793
Slovenia,2011,7707.7373
Slovenia,2012,7514.3823
Slovenia,2013,7624.107
Slovenia,2014,8265.367
Slovenia,2015,7112.427
Slovenia,2016,7765.4756
Slovenia,2017,7648.6987
Slovenia,2018,7654.5723
Slovenia,2019,7520.4517
Slovenia,2020,7975.8296
Slovenia,2021,7355.828
Slovenia,2022,6302.3535
Solomon Islands,2011,144.47552
Solomon Islands,2012,140.90187
Solomon Islands,2013,137.36995
Solomon Islands,2014,150.65636
Solomon Islands,2015,146.89801
Solomon Islands,2016,159.20778
Solomon Islands,2017,155.36612
Solomon Islands,2018,151.68546
Solomon Islands,2019,148.14815
Solomon Islands,2020,144.67635
Solomon Islands,2021,141.27187
Solomon Islands,2022,138.06967
Somalia,2011,27.01189
Somalia,2012,27.33046
Somalia,2013,27.232075
Somalia,2014,26.297527
Somalia,2015,25.428823
Somalia,2016,25.187422
Somalia,2017,24.891983
Somalia,2018,24.008667
Somalia,2019,23.152042
Somalia,2020,22.374046
Somalia,2021,22.267033
Somalia,2022,21.593967
South Africa,2011,5006.1665
South Africa,2012,4853.3223
South Africa,2013,4754.462
South Africa,2014,4654.8887
South Africa,2015,4481.311
South Africa,2016,4485.2856
South Africa,2017,4509.7905
South Africa,2018,4470.381
South Africa,2019,4348.1284
South Africa,2020,4072.3157
South Africa,2021,4113.499
South Africa,2022,3985.549
South America,2011,2621.2234
South America,2012,2717.348
South America,2013,2807.32
South America,2014,2774.4556
South America,2015,2808.8674
South America,2016,2786.586
South America,2017,2754.4841
South America,2018,2765.3342
South America,2019,2762.8057
South America,2020,2705.0256
South America,2021,2805.431
South America,2022,2850.9214
South Korea,2011,10538.158
South Korea,2012,10702.301
South Korea,2013,10722.335
South Korea,2014,10688.31
South Korea,2015,10742.356
South Korea,2016,10933.154
South Korea,2017,11189.897
South Korea,2018,11473.211
South Korea,2019,11327.347
South Korea,2020,11131.709
South Korea,2021,11613.514
South Korea,2022,11971.057
South Sudan,2012,41.11533
South Sudan,2013,42.319324
South Sudan,2014,42.806362
South Sudan,2015,51.812084
South Sudan,2016,46.990288
South Sudan,2017,50.665073
South Sudan,2018,52.908363
South Sudan,2019,53.600433
South Sudan,2020,52.799187
South Sudan,2021,53.96213
South Sudan,2022,56.81208
Spain,2011,6238.9214
Spain,2012,6286.8823
Spain,2013,6039.4653
Spain,2014,5906.4385
Spain,2015,5969.4595
Spain,2016,5824.8477
Spain,2017,5847.051
Spain,2018,5800.1313
Spain,2019,5739.701
Spain,2020,5478.2334
Spain,2021,5701.569
Spain,2022,6019.3066
Sri Lanka,2011,553.2186
Sri Lanka,2012,561.9221
Sri Lanka,2013,563.60657
Sri Lanka,2014,582.40686
Sri Lanka,2015,614.4345
Sri Lanka,2016,661.8284
Sri Lanka,2017,684.4342
Sri Lanka,2018,715.4537
Sri Lanka,2019,738.1177
Sri Lanka,2020,726.2236
Sri Lanka,2021,770.6638
Sri Lanka,2022,796.07367
Sudan,2011,247.24265
Sudan,2012,270.195
Sudan,2013,287.57422
Sudan,2014,308.35132
Sudan,2015,342.92896
Sudan,2016,370.01135
Sudan,2017,385.94073
Sudan,2018,390.4849
Sudan,2019,375.18423
Sudan,2020,387.03452
Sudan,2021,387.67157
Sudan,2022,381.01984
Suriname,2011,2770.966
Suriname,2012,2992.2363
Suriname,2013,3120.833
Suriname,2014,3194.7368
Suriname,2015,3232.0957
Suriname,2016,3130.0413
Suriname,2017,3080.505
Suriname,2018,3014.8435
Suriname,2019,3115.0833
Suriname,2020,3343.9417
Suriname,2021,3409.5227
Suriname,2022,3381.625
Sweden,2011,15873.444
Sweden,2012,17417.36
Sweden,2013,15859.781
Sweden,2014,15753.7705
Sweden,2015,16447.795
Sweden,2016,15662.106
Sweden,2017,16327.984
Sweden,2018,16075.101
Sweden,2019,16402.54
Sweden,2020,15795.208
Sweden,2021,16411.43
Sweden,2022,16411.44
Switzerland,2011,7948.4385
Switzerland,2012,8520.789
Switzerland,2013,8492.44
Switzerland,2014,8559.085
Switzerland,2015,7977.797
Switzerland,2016,7297.35
Switzerland,2017,7116.922
Switzerland,2018,7785.6055
Switzerland,2019,8229.169
Switzerland,2020,7928.3594
Switzerland,2021,7260.0425
Switzerland,2022,7124.33
Syria,2011,1840.6797
Syria,2012,1427.5236
Syria,2013,1170.9248
Syria,2014,1058.6765
Syria,2015,937.7679
Syria,2016,958.1184
Syria,2017,971.3766
Syria,2018,940.8557
Syria,2019,879.18097
Syria,2020,789.0201
Syria,2021,794.3964
Syria,2022,762.0256
Taiwan,2011,10895.699
Taiwan,2012,10775.558
Taiwan,2013,10815.534
Taiwan,2014,11099.155
Taiwan,2015,10979.012
Taiwan,2016,11193.298
Taiwan,2017,11420.228
Taiwan,2018,11613.329
Taiwan,2019,11531.373
Taiwan,2020,11753.683
Taiwan,2021,12194.937
Taiwan,2022,12059.817
Tajikistan,2011,2086.111
Tajikistan,2012,2132.8787
Tajikistan,2013,2102.8408
Tajikistan,2014,1940.8254
Tajikistan,2015,2013.1238
Tajikistan,2016,1975.8574
Tajikistan,2017,2029.0115
Tajikistan,2018,2162.5457
Tajikistan,2019,2244.8306
Tajikistan,2020,2106.2092
Tajikistan,2021,2125.111
Tajikistan,2022,2097.9043
Tanzania,2011,111.38393
Tanzania,2012,118.65366
Tanzania,2013,121.61535
Tanzania,2014,123.19306
Tanzania,2015,124.27959
Tanzania,2016,125.363495
Tanzania,2017,125.650826
Tanzania,2018,126.18254
Tanzania,2019,129.94261
Tanzania,2020,127.2192
Tanzania,2021,136.34576
Tanzania,2022,137.71466
Thailand,2011,2231.024
Thailand,2012,2443.1357
Thailand,2013,2423.734
Thailand,2014,2483.6714
Thailand,2015,2529.7888
Thailand,2016,2546.772
Thailand,2017,2492.7288
Thailand,2018,2499.163
Thailand,2019,2615.5635
Thailand,2020,2469.092
Thailand,2021,2463.0906
Thailand,2022,2515.4463
Togo,2011,31.11722
Togo,2012,46.198486
Togo,2013,45.030857
Togo,2014,48.021637
Togo,2015,58.8768
Togo,2016,122.6936
Togo,2017,103.147934
Togo,2018,73.32217
Togo,2019,88.55899
Togo,2020,81.72854
Togo,2021,98.32468
Togo,2022,99.44964
Tonga,2011,464.57608
Tonga,2012,465.04272
Tonga,2013,466.8316
Tonga,2014,468.8716
Tonga,2015,471.07593
Tonga,2016,567.5315
Tonga,2017,663.94763
Tonga,2018,665.60803
Tonga,2019,666.889
Tonga,2020,664.98834
Tonga,2021,660.1656
Tonga,2022,748.59406
Trinidad and Tobago,2011,6168.9233
Trinidad and Tobago,2012,6375.9326
Trinidad and Tobago,2013,6593.875
Trinidad and Tobago,2014,6486.689
Trinidad and Tobago,2015,6553.9863
Trinidad and Tobago,2016,6411.068
Trinidad and Tobago,2017,6303.1914
Trinidad and Tobago,2018,6134.084
Trinidad and Tobago,2019,6052.791
Trinidad and Tobago,2020,6079.8
Trinidad and Tobago,2021,6076.0156
Trinidad and Tobago,2022,6152.6685
Tunisia,2011,1477.449
Tunisia,2012,1596.5087
Tunisia,2013,1605.2694
Tunisia,2014,1659.8196
Tunisia,2015,1685.445
Tunisia,2016,1679.8358
Tunisia,2017,1722.9059
Tunisia,2018,1737.1935
Tunisia,2019,1814.2104
Tunisia,2020,1757.1528
Tunisia,2021,1788.3137
Tunisia,2022,1715.7496
Turkey,2011,3091.1162
Turkey,2012,3179.97
Turkey,2013,3132.4387
Turkey,2014,3221.2693
Turkey,2015,3280.509
Turkey,2016,3378.0798
Turkey,2017,3611.1663
Turkey,2018,3624.5928
Turkey,2019,3595.7583
Turkey,2020,3589.451
Turkey,2021,3867.6313
Turkey,2022,3756.214
Turkmenistan,2011,3212.1992
Turkmenistan,2012,3251.697
Turkmenistan,2013,3393.8247
Turkmenistan,2014,3602.2295
Turkmenistan,2015,3907.0989
Turkmenistan,2016,3839.097
Turkmenistan,2017,3774.8887
Turkmenistan,2018,3714.713
Turkmenistan,2019,3658.4036
Turkmenistan,2020,3604.5452
Turkmenistan,2021,3554.1682
Turkmenistan,2022,3587.4358
Turks and Caicos Islands,2011,6809.3384
Turks and Caicos Islands,2012,6541.037
Turks and Caicos Islands,2013,6246.2817
Turks and Caicos Islands,2014,6568.8013
Turks and Caicos Islands,2015,6291.717
Turks and Caicos Islands,2016,6533.044
Turks and Caicos Islands,2017,7274.552
Turks and Caicos Islands,2018,6262.6455
Turks and Caicos Islands,2019,6031.9224
Turks and Caicos Islands,2020,5643.723
Turks and Caicos Islands,2021,5759.7305
Turks and Caicos Islands,2022,5686.0425
Uganda,2011,79.89011
Uganda,2012,84.61398
Uganda,2013,87.034004
Uganda,2014,88.89123
Uganda,2015,94.72386
Uganda,2016,97.29457
Uganda,2017,94.20068
Uganda,2018,102.61253
Uganda,2019,105.24091
Uganda,2020,101.79124
Uganda,2021,113.185875
Uganda,2022,114.07506
Ukraine,2011,4283.0967
Ukraine,2012,4380.016
Ukraine,2013,4290.0557
Ukraine,2014,4049.3425
Ukraine,2015,3638.7427
Ukraine,2016,3670.9102
Ukraine,2017,3494.1685
Ukraine,2018,3596.647
Ukraine,2019,3486.4548
Ukraine,2020,3365.7737
Ukraine,2021,3571.443
Ukraine,2022,2838.9182
United Arab Emirates,2011,11560.066
United Arab Emirates,2012,12257.392
United Arab Emirates,2013,12567.624
United Arab Emirates,2014,13189.29
United Arab Emirates,2015,14285.219
United Arab Emirates,2016,14410.292
United Arab Emirates,2017,14839.612
United Arab Emirates,2018,14880.464
United Arab Emirates,2019,15029.863
United Arab Emirates,2020,14783.651
United Arab Emirates,2021,15912.187
United Arab Emirates,2022,16389.973
United Kingdom,2011,5814.3647
United Kingdom,2012,5702.511
United Kingdom,2013,5571.807
United Kingdom,2014,5219.4175
United Kingdom,2015,5195.451
United Kingdom,2016,5166.0796
United Kingdom,2017,5119.518
United Kingdom,2018,5008.5054
United Kingdom,2019,4850.2026
United Kingdom,2020,4652.8843
United Kingdom,2021,4587.4736
United Kingdom,2022,4830.323
United States,2011,13026.999
United States,2012,12760.629
United States,2013,12698.577
United States,2014,12719.186
United States,2015,12581.307
United States,2016,12492.153
United States,2017,12287.501
United States,2018,12649.936
United States,2019,12438.334
United States,2020,12035.351
United States,2021,12325.368
United States,2022,12672.299
United States Virgin Islands,2011,9005.508
United States Virgin Islands,2012,8303.111
United States Virgin Islands,2013,7879.312
United States Virgin Islands,2014,7544.0312
United States Virgin Islands,2015,7586.958
United States Virgin Islands,2016,7524.6753
United States Virgin Islands,2017,5890.438
United States Virgin Islands,2018,6115.7856
United States Virgin Islands,2019,6545.2163
United States Virgin Islands,2020,6371.202
United States Virgin Islands,2021,6593.4067
United States Virgin Islands,2022,6835.614
Upper-middle-income countries,2011,3536.3718
Upper-middle-income countries,2012,3673.9763
Upper-middle-income countries,2013,3859.8635
Upper-middle-income countries,2014,3996.5286
Upper-middle-income countries,2015,3997.2454
Upper-middle-income countries,2016,4128.4
Upper-middle-income countries,2017,4307.517
Upper-middle-income countries,2018,4544.189
Upper-middle-income countries,2019,4667.566
Upper-middle-income countries,2020,4709.9395
Upper-middle-income countries,2021,5073.5776
Upper-middle-income countries,2022,5221.5024
Uruguay,2011,3075.8877
Uruguay,2012,3144.3428
Uruguay,2013,3448.4932
Uruguay,2014,3827.0344
Uruguay,2015,4037.8276
Uruguay,2016,4062.9592
Uruguay,2017,4193.203
Uruguay,2018,4263.1494
Uruguay,2019,4687.3013
Uruguay,2020,3957.3215
Uruguay,2021,4666.889
Uruguay,2022,4434.9707
Uzbekistan,2011,1817.0896
Uzbekistan,2012,1796.424
Uzbekistan,2013,1822.5679
Uzbekistan,2014,1831.0782
Uzbekistan,2015,1854.9623
Uzbekistan,2016,1866.5604
Uzbekistan,2017,1904.4829
Uzbekistan,2018,1938.7001
Uzbekistan,2019,1926.4974
Uzbekistan,2020,1983.7943
Uzbekistan,2021,2094.101
Uzbekistan,2022,2158.9685
Vanuatu,2011,238.74991
Vanuatu,2012,233.16455
Vanuatu,2013,265.60727
Vanuatu,2014,259.31497
Vanuatu,2015,217.03745
Vanuatu,2016,247.14111
Vanuatu,2017,206.71835
Vanuatu,2018,235.44687
Vanuatu,2019,229.95
Vanuatu,2020,224.57924
Vanuatu,2021,219.33536
Vanuatu,2022,214.235
Venezuela,2011,4054.1436
Venezuela,2012,4353.856
Venezuela,2013,4528.7856
Venezuela,2014,3816.4148
Venezuela,2015,4176.913
Venezuela,2016,3803.983
Venezuela,2017,3396.2158
Venezuela,2018,3344.772
Venezuela,2019,2940.1118
Venezuela,2020,2803.7456
Venezuela,2021,2928.0286
Venezuela,2022,2991.3398
Vietnam,2011,1148.9647
Vietnam,2012,1289.5665
Vietnam,2013,1378.7872
Vietnam,2014,1548.1912
Vietnam,2015,1713.2834
Vietnam,2016,1887.2174
Vietnam,2017,2037.5815
Vietnam,2018,2203.9875
Vietnam,2019,2374.4812
Vietnam,2020,2435.6255
Vietnam,2021,2512.311
Vietnam,2022,2647.8088
World,2011,3104.2969
World,2012,3143.9248
World,2013,3193.5857
World,2014,3236.0508
World,2015,3232.4075
World,2016,3282.4736
World,2017,3342.598
World,2018,3435.7825
World,2019,3447.701
World,2020,3399.4365
World,2021,3561.6172
World,2022,3616.6924
Yemen,2011,243.76257
Yemen,2012,269.60663
Yemen,2013,315.00137
Yemen,2014,276.0031
Yemen,2015,201.98796
Yemen,2016,164.30957
Yemen,2017,134.84544
Yemen,2018,113.3466
Yemen,2019,103.97286
Yemen,2020,91.06666
Yemen,2021,91.566086
Yemen,2022,87.5459
Zambia,2011,805.4214
Zambia,2012,838.9477
Zambia,2013,872.9912
Zambia,2014,922.6197
Zambia,2015,831.47516
Zambia,2016,701.9424
Zambia,2017,841.7131
Zambia,2018,913.32666
Zambia,2019,805.20215
Zambia,2020,804.6401
Zambia,2021,909.9717
Zambia,2022,972.6407
Zimbabwe,2011,703.98804
Zimbabwe,2012,689.76794
Zimbabwe,2013,703.7775
Zimbabwe,2014,711.6175
Zimbabwe,2015,677.5022
Zimbabwe,2016,496.1009
Zimbabwe,2017,511.8262
Zimbabwe,2018,627.15125
Zimbabwe,2019,552.9285
Zimbabwe,2020,428.21597
Zimbabwe,2021,528.9641
Zimbabwe,2022,547.16327
